ChargingStation,Unit,Value,MinLevelValue,MaxLevelValue
ABF-00001,min,0,0,NA
ABF-00002,min,0,0,NA
ABF-00003,min,0,0,NA
ABF-00004,min,0,0,NA
ABF-00005,min,0,0,NA
ABF-00006,min,0,0,NA
ABF-00008,charge,0.1,0,NA
ABF-00008,min,0.03,0,NA
ABF-00009,charge,0.1,0,NA
ABF-00009,min,0.03,0,NA
ABF-00010,min,0,0,NA
ABF-00011,min,0.03,0,NA
ABF-00012,min,0.035,0,NA
ABF-00013,min,0.035,0,NA
ABF-00014,min,0.015,0,NA
ABF-00015,min,0.015,0,NA
ABF-00016,min,0.08,0,NA
ABT-00002,charge,0.5,0,NA
ABT-00002,min,0.15,0,NA
ABT-00003,charge,0.5,0,NA
ABT-00003,min,0.15,0,NA
ABT-90001,kWh,0.1,0,NA
ACB-00002,min,0.04,0,NA
ACB-90001,min,0.02,0,NA
ACH-00002,min,0.105,0,NA
ACH-00003,min,0.105,0,NA
ACH-00004,min,0,0,NA
ACH-00005,min,0,0,NA
ACH-00007,min,0.08,0,NA
ACN-00002,min,0.03,0,NA
ACN-00003,min,0.03,0,NA
ACN-90001,min,0.025,0,NA
ACT-00001,min,0,0,NA
ADENE-00004,min,0,0,NA
ADENE-00005,min,0,0,NA
ADENE-00006,min,0,0,NA
ADV-90001,min,0.025,0,NA
AGB-90001,kWh,0.1,0,NA
AGD-00001,min,0,0,NA
AGH-00001,min,0.074,0,NA
AGN-00002,min,0.08,0,NA
AJT-00001,min,0.105,0,NA
AJT-00002,min,0.105,0,NA
AJT-00003,min,0,0,NA
AJT-90004,min,0.025,0,NA
AJZ-00001,min,0,0,NA
ALB-00001,min,0,0,NA
ALB-00003,kWh,0.1,0,NA
ALB-90002,min,0.029,0,NA
ALD-00002,min,0.102,0,30
ALD-00002,min,0.163,30,NA
ALJ-90001,kWh,0.1,0,NA
ALM-00004,min,0,0,NA
ALM-00005,min,0,0,NA
ALM-00006,min,0,0,NA
ALM-00007,min,0,0,NA
ALM-00008,min,0,0,NA
ALM-00011,min,0.1,0,NA
ALM-00013,min,0.035,0,NA
ALM-00014,min,0,0,NA
ALM-00022,min,0,0,NA
ALM-00023,min,0,0,NA
ALM-00036,charge,0.1,0,NA
ALM-00036,min,0.025,0,NA
ALM-00037,charge,0.1,0,NA
ALM-00037,min,0.025,0,NA
ALM-00038,charge,0,0,NA
ALM-00038,min,0.05,0,NA
ALM-00040,min,0.105,0,NA
ALM-90001,min,0.006,0,NA
ALM-90003,min,0.009,0,NA
ALM-90009,min,0.0046,0,NA
ALM-90010,min,0.011,0,NA
ALM-90012,min,0.0046,0,NA
ALM-90015,min,0.006,0,NA
ALM-90019,min,0.005,0,NA
ALM-90020,min,0.0037,0,NA
ALM-90021,min,0.009,0,NA
ALM-90024,min,0.009,0,NA
ALM-90025,min,0.006,0,NA
ALM-90026,min,0.0046,0,NA
ALM-90027,min,0.011,0,NA
ALM-90028,min,0.0046,0,NA
ALQ-00002,min,0.035,0,NA
ALQ-90001,kWh,0.1,0,NA
ALR-90001,kWh,0.1,0,NA
ALT-00002,min,0,0,NA
ALT-00003,min,0,0,NA
ALT-90001,kWh,0.1,0,NA
AMD-00001,min,0,0,NA
AMD-00002,min,0,0,NA
AMD-00003,min,0.01,0,NA
AMD-00014,min,0.01,0,NA
AMD-00020,min,0.02,0,NA
AMD-00022,min,0.102,0,30
AMD-00022,min,0.163,30,NA
AMD-00024,min,0.01,0,NA
AMD-00025,min,0.105,0,NA
AMD-00026,min,0.08,0,NA
AMD-00027,min,0.02,0,NA
AMD-00028,min,0.03,0,NA
AMD-00029,min,0.03,0,NA
AMD-00030,min,0.02,0,NA
AMD-00031,min,0.02,0,NA
AMD-00032,min,0.105,0,NA
AMD-00033,min,0.02,0,NA
AMD-00034,min,0.02,0,NA
AMD-00040,min,0.02,0,NA
AMM-00001,min,0,0,NA
AMM-00002,charge,0.1,0,NA
AMM-00002,min,0.015,0,NA
AMM-00003,charge,0.1,0,NA
AMM-00003,min,0.015,0,NA
AMR-00002,charge,0.1,0,NA
AMR-00002,min,0.03,0,NA
AMR-00003,charge,0.1,0,NA
AMR-00003,min,0.03,0,NA
AMT-00001,min,0,0,NA
AMT-00003,min,0,0,NA
AMT-00004,min,0,0,NA
AMT-00005,min,0,0,NA
AMT-00006,min,0.08,0,NA
ANA-00001,min,0,0,NA
AND-00001,min,0,0,NA
AND-00003,min,0.035,0,NA
AND-90002,min,0.031,0,NA
APC-90001,min,0.025,0,NA
APT-00001,min,0.08,0,NA
ARC-00001,min,0,0,NA
ARL-00002,charge,0.1,0,NA
ARL-00002,min,0.03,0,NA
ARL-00003,charge,0.1,0,NA
ARL-00003,min,0.03,0,NA
ARR-90001,kWh,0.1,0,NA
ARV-00002,min,0,0,NA
ARV-90003,min,0.025,0,NA
ASL-00001,min,0.105,0,NA
ASL-00002,min,0.105,0,NA
ASL-00004,min,0.08,0,NA
ASL-00005,charge,0.1,0,NA
ASL-00005,min,0.03,0,NA
ASL-00006,charge,0.1,0,NA
ASL-00006,min,0.03,0,NA
ASL-90003,kWh,0.1,0,NA
AVR-00003,min,0,0,NA
AVR-00007,min,0.08,0,NA
AVR-00008,min,0,0,NA
AVR-00009,min,0,0,NA
AVR-00010,min,0.03,0,NA
AVR-00015,min,0,0,NA
AVR-00016,min,0,0,NA
AVR-00017,min,0,0,NA
AVR-00018,charge,0.15,0,NA
AVR-00018,kWh,0.11,0,NA
AVR-00019,min,0.1,0,NA
AVR-00021,kWh,0.06,0,NA
AVR-00022,kWh,0.1,0,NA
AVR-90001,min,0.009,0,NA
AVR-90002,kWh,0.1,0,NA
AVR-90004,min,0.01,0,NA
AVR-90005,min,0.0037,0,NA
AVR-90006,min,0.009,0,NA
AVT-90001,min,0.02,0,NA
AVZ-00002,min,0.102,0,30
AVZ-00002,min,0.163,30,NA
AVZ-00003,min,0.01,0,NA
AZB-00001,min,0.105,0,NA
AZB-00002,min,0.105,0,NA
AZB-90003,min,0.031,0,NA
BAO-00001,min,0,0,NA
BBR-90001,kWh,0.1,0,NA
BCL-00003,min,0.02,0,NA
BCL-00005,min,0.1,0,NA
BFIN-00001,min,0.01,0,NA
BGC-00003,min,0,0,NA
BGC-90001,min,0.0046,0,NA
BGC-90002,min,0.0046,0,NA
BJA-00003,min,0,0,NA
BJA-00006,min,0.035,0,NA
BJA-00007,min,0,0,NA
BJA-00008,min,0,0,NA
BJA-00009,min,0.035,0,NA
BJA-90001,min,0.006,0,NA
BJA-90002,min,0.006,0,NA
BJA-90004,min,0.009,0,NA
BJA-90005,min,0.005,0,NA
BNV-00002,min,0.03,0,NA
BNV-00003,min,0.03,0,NA
BNV-90001,min,0.02,0,NA
BRB-90001,min,0.031,0,NA
BRC-90001,min,0.0025,0,NA
BRG-00004,min,0.08,0,NA
BRG-00006,min,0,0,NA
BRG-00010,min,0,0,NA
BRG-00015,min,0.086,0,NA
BRG-00016,min,0.025,0,NA
BRG-00017,min,0.025,0,NA
BRG-00020,min,0.05,0,NA
BRG-00021,min,0.05,0,NA
BRG-00022,min,0.03,0,NA
BRG-00023,min,0.1,0,NA
BRG-00024,min,0.035,0,NA
BRG-00031,charge,0.1,0,NA
BRG-00031,min,0.025,0,NA
BRG-00032,min,0.05,0,NA
BRG-00033,min,0.05,0,NA
BRG-00034,min,0.05,0,NA
BRG-00036,min,0,0,NA
BRG-00037,min,0,0,NA
BRG-00038,min,0.03,0,NA
BRG-00039,min,0.03,0,NA
BRG-00040,min,0.035,0,NA
BRG-00041,min,0.035,0,NA
BRG-00042,min,0.035,0,NA
BRG-90001,kWh,0.1,0,NA
BRG-90002,min,0.0046,0,NA
BRG-90003,min,0.005,0,NA
BRG-90005,min,0.009,0,NA
BRG-90007,min,0.009,0,NA
BRG-90008,min,0.0046,0,NA
BRG-90009,min,0.0046,0,NA
BRG-90011,min,0.005,0,NA
BRG-90012,min,0.009,0,NA
BRG-90013,min,0.0046,0,NA
BRG-90014,min,0.006,0,NA
BRR-00003,min,0.102,0,30
BRR-00003,min,0.163,30,NA
BRR-00004,charge,0.1,0,NA
BRR-00004,min,0.025,0,NA
BRR-00005,charge,0.1,0,NA
BRR-00005,min,0.025,0,NA
BRR-00006,min,0.08,0,NA
BRR-00007,min,0.05,0,NA
BTC-90001,min,0.025,0,NA
BTL-00002,min,0,0,NA
BTL-90001,min,0.031,0,NA
BTL-90003,min,0.02,0,NA
CBA-90001,min,0.02,0,NA
CBC-90010,min,0.02,0,NA
CBR-00007,min,0,0,NA
CBR-00009,min,0,0,NA
CBR-00010,kWh,0.156,0,NA
CBR-00011,kWh,0.12,0,NA
CBR-00012,kWh,0.1,0,NA
CBR-00013,kWh,0.1,0,NA
CBR-00014,min,0.01,0,NA
CBR-00025,charge,0.1,0,NA
CBR-00025,min,0.025,0,NA
CBR-00026,kWh,0.07,0,NA
CBR-00027,kWh,0.07,0,NA
CBR-00028,kWh,0.07,0,NA
CBR-00029,kWh,0.07,0,NA
CBR-00030,kWh,0.07,0,NA
CBR-00031,kWh,0.07,0,NA
CBR-00032,min,0.035,0,NA
CBR-00033,min,0.102,0,30
CBR-00033,min,0.163,30,NA
CBR-00034,min,0.015,0,NA
CBR-00035,min,0.015,0,NA
CBR-00036,min,0.05,0,NA
CBR-00037,min,0,0,NA
CBR-00038,min,0.04,0,NA
CBR-90001,min,0.006,0,NA
CBR-90002,min,0.011,0,NA
CBR-90003,min,0.0037,0,NA
CBR-90004,min,0.009,0,NA
CBR-90005,min,0.006,0,NA
CBR-90006,min,0.0046,0,NA
CBR-90008,min,0.0037,0,NA
CBT-00001,min,0,0,NA
CCH-90001,min,0.02,0,NA
CDN-90001,min,0.02,0,NA
CDR-90001,min,0.029,0,NA
CDV-90001,min,0.029,0,NA
CHM-90001,min,0.029,0,NA
CHT-00001,min,0.074,0,NA
CHV-00002,min,0.035,0,NA
CHV-00003,min,0.08,0,NA
CLB-00004,kWh,0.06,0,NA
CLB-00005,kWh,0.06,0,NA
CLB-00006,kWh,0.06,0,NA
CLB-00007,min,0.09,0,NA
CLB-00008,min,0.04,0,NA
CLB-90003,min,0.02,0,NA
CLD-00001,min,0,0,NA
CLD-00002,min,0,0,NA
CLD-00003,min,0,0,NA
CLD-00004,min,0,0,NA
CLD-00005,min,0,0,NA
CLD-00006,min,0,0,NA
CLD-00007,min,0.01,0,NA
CLD-00009,min,0.035,0,NA
CLD-00010,min,0.035,0,NA
CLD-00011,min,0.1,0,NA
CLD-00012,min,0.03,0,NA
CLD-90008,min,0.025,0,NA
CLT-00003,min,0.04,0,NA
CLT-00004,min,0.03,0,NA
CLT-00005,min,0.04,0,NA
CLT-00006,min,0.04,0,NA
CMCS-00001,kWh,0.1,0,NA
CML-00059,min,0.03,0,NA
CMR-90001,min,0.02,0,NA
CNS-90001,min,0.02,0,NA
CNT-00002,min,0.1,0,NA
CNT-00005,min,0.03,0,NA
CNT-00006,min,0.03,0,NA
CNT-90003,kWh,0.1,0,NA
CPR-90001,kWh,0.1,0,NA
CPV-90001,kWh,0.1,0,NA
CRS-90001,min,0.025,0,NA
CRT-00002,min,0.015,0,NA
CRT-00003,min,0.015,0,NA
CRT-90001,min,0.031,0,NA
CRZ-90001,min,0.025,0,NA
CSC-00001,min,0,0,NA
CSC-00005,min,0,0,NA
CSC-00011,min,0,0,NA
CSC-00015,min,0.051,0,NA
CSC-00016,charge,0.5,0,NA
CSC-00016,min,0.03,0,NA
CSC-00018,min,0.08,0,NA
CSC-00019,min,0.1,0,NA
CSC-00021,min,0.01,0,NA
CSC-00022,min,0.025,0,NA
CSC-00023,min,0.025,0,NA
CSC-00026,min,0,0,NA
CSC-00027,min,0.08,0,NA
CSC-00040,min,0,0,NA
CSC-00041,min,0,0,NA
CSC-00042,min,0.05,0,NA
CSC-00043,charge,0.1,0,NA
CSC-00043,min,0.03,0,NA
CSC-00044,charge,0.1,0,NA
CSC-00044,min,0.03,0,NA
CSC-00045,min,0.015,0,NA
CSC-00046,min,0.105,0,NA
CSC-00047,min,0.105,0,NA
CSC-00048,min,0.035,0,NA
CSC-00049,min,0.03,0,NA
CSC-00050,min,0.03,0,NA
CSC-00051,min,0.03,0,NA
CSC-00052,min,0.03,0,NA
CSC-00053,min,0.03,0,NA
CSC-00054,min,0.03,0,NA
CSC-00055,charge,0.1,0,NA
CSC-00055,min,0.03,0,NA
CSC-00056,charge,0.1,0,NA
CSC-00056,min,0.03,0,NA
CSC-00057,min,0.01,0,NA
CSC-00059,min,0.105,0,NA
CSC-90002,kWh,0.1,0,NA
CSC-90003,min,0.009,0,NA
CSC-90004,min,0.004,0,NA
CSC-90006,min,0.004,0,NA
CSC-90007,min,0.0046,0,NA
CSC-90008,min,0.004,0,NA
CSC-90009,min,0.005,0,NA
CSC-90010,min,0.0046,0,NA
CSC-90012,min,0.0046,0,NA
CSC-90013,min,0.004,0,NA
CSC-90014,min,0.006,0,NA
CTB-00010,min,0.035,0,NA
CTB-90001,min,0.01,0,NA
CTB-90002,min,0.006,0,NA
CTB-90003,min,0.009,0,NA
CTB-90004,min,0.009,0,NA
CTB-90005,min,0.006,0,NA
CTB-90006,min,0.0046,0,NA
CTB-90007,min,0.006,0,NA
CTM-90001,min,0.025,0,NA
CTX-90001,kWh,0.1,0,NA
CVD-90001,kWh,0.1,0,NA
CVL-00002,min,0.1,0,NA
CVL-00003,min,0.015,0,NA
CVL-00004,min,0.015,0,NA
CVR-00002,min,0.105,0,NA
CVR-00003,min,0.035,0,NA
CVR-90001,min,0.02,0,NA
ELV-00002,min,0.015,0,NA
ELV-00003,min,0.015,0,NA
ELV-00004,min,0.08,0,NA
ELV-90001,kWh,0.1,0,NA
ENT-00002,min,0.1,0,NA
ENT-90001,min,0.025,0,NA
ESP-90001,min,0.025,0,NA
ETR-00001,min,0.1,0,NA
ETR-00002,min,0.1,0,NA
ETR-00004,kWh,0.1,0,NA
ETR-90003,min,0.025,0,NA
ETZ-00005,min,0.03,0,NA
EVDA-00001,charge,1,0,NA
EVDA-00001,kWh,0.06,0,NA
EVDA-00002,charge,1,0,NA
EVDA-00002,kWh,0.06,0,NA
EVDA-00003,charge,1,0,NA
EVDA-00003,kWh,0.06,0,NA
EVR-00002,min,0,0,NA
EVR-00004,min,0,0,NA
EVR-00005,min,0,0,NA
EVR-00008,min,0,0,NA
EVR-00009,min,0,0,NA
EVR-00011,min,0.08,0,NA
EVR-00014,min,0,0,NA
EVR-00015,min,0,0,NA
EVR-00017,min,0.08,0,NA
EVR-00018,min,0.1,0,NA
EVR-90001,min,0.006,0,NA
EVR-90003,min,0.006,0,NA
EVR-90006,min,0.005,0,NA
EVR-90007,min,0.0037,0,NA
EXPO-00001,min,0.03,0,NA
EXPO-00002,min,0.03,0,NA
EXPO-00003,min,0.03,0,NA
EXPO-00004,min,0.03,0,NA
FAF-00003,min,0.09,0,NA
FAF-00004,min,0.05,0,NA
FAF-90001,kWh,0.1,0,NA
FAG-90001,min,0,0,NA
FAL-00001,min,0,0,NA
FAR-00002,min,0,0,NA
FAR-00004,min,0,0,NA
FAR-00007,min,0,0,NA
FAR-00009,min,0.03,0,NA
FAR-00015,min,0,0,NA
FAR-00019,charge,0.1,0,NA
FAR-00019,min,0.025,0,NA
FAR-00021,min,0.1,0,NA
FAR-00022,min,0.015,0,NA
FAR-00023,min,0.015,0,NA
FAR-00024,min,0.102,0,30
FAR-00024,min,0.163,30,NA
FAR-00025,min,0.015,0,NA
FAR-90001,min,0.0046,0,NA
FAR-90003,min,0.006,0,NA
FAR-90005,min,0.0037,0,NA
FAR-90006,min,0.009,0,NA
FAR-90008,kWh,0.1,0,NA
FCR-90001,min,0.02,0,NA
FCT-00003,min,0.03,0,NA
FCT-00004,min,0.03,0,NA
FEC-90001,min,0.031,0,NA
FEUP-00001,min,0.105,0,NA
FEUP-00002,min,0.105,0,NA
FIG-00002,min,0.095,0,NA
FIG-90003,min,0.031,0,NA
FLG-00001,min,0,0,NA
FLG-00003,min,0.08,0,NA
FND-00002,charge,0.5,0,NA
FND-00002,min,0.15,0,NA
FND-00003,charge,0.5,0,NA
FND-00003,min,0.15,0,NA
FND-90001,min,0.029,0,NA
FTR-90001,kWh,0.1,0,NA
FUN-00002,min,0.04,0,NA
FUN-00003,min,0.03,0,NA
FUN-00004,min,0.025,0,NA
FUN-00005,min,0.025,0,NA
FUN-00006,min,0,0,NA
FUN-00007,min,0,0,NA
FUN-00008,min,0,0,NA
FUN-00009,min,0,0,NA
FUN-00010,min,0,0,NA
FUN-00011,min,0,0,NA
FUN-00012,min,0,0,NA
FUN-00013,min,0,0,NA
FUN-00014,min,0,0,NA
FUN-00015,min,0,0,NA
FUN-00016,min,0,0,NA
FUN-00020,min,0.03,0,NA
FVN-90001,min,0.029,0,NA
FZZ-00002,min,0.035,0,NA
FZZ-90001,min,0.025,0,NA
GALP-00001,min,0.035,0,NA
GAV-90001,min,0.02,0,NA
GDL-00002,min,0.01,0,NA
GDL-00004,min,0.08,0,NA
GDM-00003,min,0.1,0,NA
GDM-00004,min,0.08,0,NA
GLG-90001,min,0.02,0,NA
GMR-00001,min,0,0,NA
GMR-00002,min,0,0,NA
GMR-00004,min,0.08,0,NA
GMR-00006,min,0,0,NA
GMR-00008,min,0.05,0,NA
GMR-00009,min,0.105,0,NA
GMR-00013,min,0.105,0,NA
GMR-00014,min,0,0,NA
GMR-00015,min,0.025,0,NA
GMR-00016,min,0,0,NA
GMR-00021,min,0.09,0,NA
GMR-00022,min,0.05,0,NA
GMR-90003,min,0.009,0,NA
GMR-90005,min,0.0046,0,NA
GMR-90007,min,0.005,0,NA
GMR-90012,min,0.009,0,NA
GOI-90001,min,0.025,0,NA
GOV-UK-00001,min,0.02,0,NA
GRD-00003,min,0,0,NA
GRD-00007,min,0.105,0,NA
GRD-00008,min,0.105,0,NA
GRD-00009,min,0.035,0,NA
GRD-00010,min,0.035,0,NA
GRD-90001,min,0.011,0,NA
GRD-90002,min,0.0037,0,NA
GRD-90004,min,0.009,0,NA
GRD-90005,min,0.006,0,NA
HE-BRG-00001,min,0.015,0,120
HE-BRG-00001,min,0.03,120,NA
HE-BRG-00002,min,0.015,0,120
HE-BRG-00002,min,0.03,120,NA
HF-00001,kWh,0.01,0,NA
HF-00002,kWh,0.01,0,NA
HF-00003,kWh,0.01,0,NA
HRT-00001,min,0.074,0,NA
IP-LSB-00001,min,0,0,NA
IP-LSB-00002,min,0,0,NA
ISEP-00001,charge,0.25,0,NA
ISEP-00001,min,0.03,0,NA
LAG-00001,min,0.03,0,NA
LGA-00003,min,0,0,NA
LGA-00004,min,0.102,0,30
LGA-00004,min,0.163,30,NA
LGA-00005,min,0.03,0,NA
LGA-00006,min,0.03,0,NA
LGA-00007,min,0.08,0,NA
LGA-90001,kWh,0.1,0,NA
LGF-00001,min,0.074,0,NA
LGS-00001,min,0,0,NA
LGS-00002,min,0.105,0,NA
LGS-00003,min,0.105,0,NA
LGS-00004,min,0.02,0,NA
LGS-00006,charge,0.1,0,NA
LGS-00006,min,0.03,0,NA
LGS-00007,charge,0.1,0,NA
LGS-00007,min,0.03,0,NA
LGS-00009,min,0.08,0,NA
LGS-00010,min,0.08,0,NA
LIP-00001,min,0.03,0,NA
LLE-00001,min,0,0,NA
LLE-00002,min,0.105,0,NA
LLE-00003,min,0.105,0,NA
LLE-00004,min,0.01,0,NA
LLE-00005,min,0.01,0,NA
LLE-00006,min,0,0,NA
LLE-00009,min,0,0,NA
LLE-00010,min,0.04,0,NA
LLE-00011,min,0.04,0,NA
LLE-00012,min,0.04,0,NA
LLE-00013,min,0.04,0,NA
LLE-00014,min,0.04,0,NA
LLE-00015,min,0.095,0,NA
LLE-00017,min,0,0,NA
LLE-00018,min,0,0,NA
LLE-00019,min,0,0,NA
LLE-00020,min,0,0,NA
LLE-00021,min,0.03,0,NA
LLE-00022,min,0.04,0,NA
LLE-00024,min,0.015,0,NA
LLE-00025,min,0.015,0,NA
LLE-00026,min,0.015,0,NA
LLE-00027,min,0.015,0,NA
LLE-00028,charge,0.15,0,NA
LLE-00028,kWh,0.11,0,NA
LLE-00039,min,0,0,NA
LLE-00040,min,0.08,0,NA
LLE-00041,min,0.03,0,NA
LLE-00042,min,0.03,0,NA
LLE-00043,min,0.09,0,NA
LLE-00044,min,0.015,0,NA
LLE-00045,min,0.015,0,NA
LLE-00046,min,0,0,NA
LLE-00047,min,0,0,NA
LLE-00048,min,0.0325,0,NA
LLE-00049,min,0,0,NA
LMG-00001,min,0,0,NA
LMG-00002,min,0.03,0,NA
LMG-00003,min,0.03,0,NA
LMG-00005,min,0,0,NA
LMG-00006,min,0,0,NA
LMG-00007,min,0.04,0,NA
LMG-00008,min,0.1,0,NA
LMG-90004,min,0.025,0,NA
LNH-90001,min,0.031,0,NA
LOU-00003,min,0.03,0,NA
LOU-00004,min,0.03,0,NA
LOU-90001,min,0.02,0,NA
LRA-00003,min,0,0,NA
LRA-00007,min,0,0,NA
LRA-00009,min,0,0,NA
LRA-00010,min,0,0,NA
LRA-00012,charge,0.5,0,NA
LRA-00012,min,0.15,0,NA
LRA-00013,charge,0.5,0,NA
LRA-00013,min,0.15,0,NA
LRA-00014,min,0.1,0,NA
LRA-00015,min,0,0,NA
LRA-00016,charge,0.489,0,NA
LRA-00016,kWh,0.162,0,NA
LRA-00017,min,0.03,0,NA
LRA-00019,min,0.035,0,NA
LRA-00020,min,0.035,0,NA
LRA-00021,min,0.08,0,NA
LRA-00022,min,0.035,0,NA
LRA-00023,min,0.035,0,NA
LRA-00024,min,0.035,0,NA
LRA-90001,min,0.0046,0,NA
LRA-90002,min,0.0046,0,NA
LRA-90004,kWh,0.1,0,NA
LRA-90005,min,0.006,0,NA
LRA-90006,min,0.0037,0,NA
LRA-90008,min,0.009,0,NA
LRA-90011,min,0.009,0,NA
LRS-00001,min,0,0,NA
LRS-00006,min,0,0,NA
LRS-00008,min,0,0,NA
LRS-00009,min,0,0,NA
LRS-00015,min,0,0,NA
LRS-00018,min,0,0,NA
LRS-00021,min,0,0,NA
LRS-00022,min,0,0,NA
LRS-00028,min,0,0,NA
LRS-00031,min,0,0,NA
LRS-00033,min,0.01,0,NA
LRS-00034,min,0.057,0,NA
LRS-00035,min,0.08,0,NA
LRS-00036,min,0.01,0,NA
LRS-00037,min,0.01,0,NA
LRS-00044,min,0.1,0,NA
LRS-00045,min,0.035,0,NA
LRS-00046,min,0.05,0,NA
LRS-00047,min,0.1,0,NA
LRS-00050,min,0.04,0,NA
LRS-90002,min,0.006,0,NA
LRS-90003,min,0.005,0,NA
LRS-90004,min,0.0037,0,NA
LRS-90005,min,0.009,0,NA
LRS-90007,kWh,0.1,0,NA
LRS-90010,min,0.009,0,NA
LRS-90011,min,0.006,0,NA
LRS-90012,min,0.0046,0,NA
LRS-90013,kWh,0.1,0,NA
LRS-90014,min,0.0046,0,NA
LRS-90016,min,0.006,0,NA
LRS-90017,min,0.005,0,NA
LRS-90019,min,0.0037,0,NA
LRS-90020,min,0.009,0,NA
LRS-90023,min,0.01,0,NA
LRS-90024,min,0.009,0,NA
LRS-90025,min,0.006,0,NA
LRS-90026,min,0.0046,0,NA
LRS-90027,min,0.0046,0,NA
LRS-90029,min,0.006,0,NA
LRS-90030,min,0.005,0,NA
LRS-90032,min,0.0037,0,NA
LSA-00003,min,0.01,0,NA
LSA-90001,min,0.031,0,NA
LSB-00011,min,0.105,0,NA
LSB-00013,min,0.105,0,NA
LSB-00019,min,0.105,0,NA
LSB-00026,min,0,0,NA
LSB-00030,min,0.105,0,NA
LSB-00032,min,0,0,NA
LSB-00051,min,0,0,NA
LSB-00052,min,0.035,0,NA
LSB-00065,min,0.015,0,NA
LSB-00066,min,0.015,0,NA
LSB-00068,min,0.015,0,NA
LSB-00070,kWh,0.1,0,NA
LSB-00071,kWh,0.1,0,NA
LSB-00072,min,0.015,0,NA
LSB-00075,min,0,0,NA
LSB-00077,min,0,0,NA
LSB-00082,min,0,0,NA
LSB-00086,min,0,0,NA
LSB-00088,min,0.035,0,NA
LSB-00095,min,0.02,0,NA
LSB-00098,min,0.1,0,NA
LSB-00104,min,0.02,0,NA
LSB-00109,min,0.03,0,NA
LSB-00110,min,0,0,NA
LSB-00113,min,0.03,0,NA
LSB-00114,min,0.02,0,NA
LSB-00115,min,0.02,0,NA
LSB-00117,min,0.02,0,NA
LSB-00119,min,0.02,0,NA
LSB-00120,min,0.02,0,NA
LSB-00121,min,0.02,0,NA
LSB-00123,min,0,0,NA
LSB-00125,min,0.02,0,NA
LSB-00126,min,0.02,0,NA
LSB-00141,min,0,0,NA
LSB-00152,min,0.02,0,NA
LSB-00153,min,0.02,0,NA
LSB-00154,min,0.02,0,NA
LSB-00155,min,0.02,0,NA
LSB-00156,min,0.02,0,NA
LSB-00157,min,0.02,0,NA
LSB-00158,min,0.02,0,NA
LSB-00159,charge,0.1,0,NA
LSB-00159,min,0.03,0,NA
LSB-00160,charge,0.1,0,NA
LSB-00160,min,0.03,0,NA
LSB-00161,min,0.02,0,NA
LSB-00162,min,0.02,0,NA
LSB-00164,min,0.02,0,NA
LSB-00165,min,0.02,0,NA
LSB-00166,min,0.02,0,NA
LSB-00167,min,0.02,0,NA
LSB-00168,min,0.02,0,NA
LSB-00174,min,0.04,0,NA
LSB-00176,min,0.04,0,NA
LSB-00177,min,0.03,0,NA
LSB-00180,min,0.03,0,NA
LSB-00182,min,0.03,0,NA
LSB-00183,min,0.03,0,NA
LSB-00184,min,0.1,0,NA
LSB-00186,min,0.015,0,NA
LSB-00190,min,0.02,0,NA
LSB-00191,min,0.02,0,NA
LSB-00192,min,0.02,0,NA
LSB-00193,min,0.02,0,NA
LSB-00194,min,0.02,0,NA
LSB-00195,min,0.02,0,NA
LSB-00196,min,0.02,0,NA
LSB-00197,min,0.02,0,NA
LSB-00198,min,0.02,0,NA
LSB-00199,min,0.02,0,NA
LSB-00200,min,0.026,0,NA
LSB-00201,min,0.048,0,NA
LSB-00202,min,0.09,0,NA
LSB-00203,min,0.09,0,NA
LSB-00204,min,0.03,0,NA
LSB-00205,min,0.12,0,NA
LSB-00206,min,0.12,0,NA
LSB-00207,min,0.03,0,NA
LSB-00208,charge,1,0,NA
LSB-00208,kWh,0.06,0,NA
LSB-00209,charge,1,0,NA
LSB-00209,kWh,0.06,0,NA
LSB-00210,charge,1,0,NA
LSB-00210,kWh,0.06,0,NA
LSB-00211,charge,1,0,NA
LSB-00211,kWh,0.06,0,NA
LSB-00212,min,0.05,0,NA
LSB-00213,min,0.05,0,NA
LSB-00214,min,0.015,0,NA
LSB-00216,min,0,0,NA
LSB-00217,min,0,0,NA
LSB-00218,min,0.05,0,NA
LSB-00219,min,0.08,0,NA
LSB-00220,min,0.035,0,NA
LSB-00221,min,0.05,0,NA
LSB-00222,min,0.05,0,NA
LSB-00223,min,0.02,0,NA
LSB-00224,min,0.02,0,NA
LSB-00225,min,0.02,0,NA
LSB-00226,min,0.02,0,NA
LSB-00227,min,0.02,0,NA
LSB-00228,min,0.02,0,NA
LSB-00229,min,0.02,0,NA
LSB-00230,min,0.02,0,NA
LSB-00231,min,0.02,0,NA
LSB-00232,min,0.02,0,NA
LSB-00233,min,0.02,0,NA
LSB-00234,min,0.02,0,NA
LSB-00235,min,0.02,0,NA
LSB-00236,min,0.02,0,NA
LSB-00237,min,0.02,0,NA
LSB-00238,min,0.02,0,NA
LSB-00239,min,0.02,0,NA
LSB-00240,min,0.02,0,NA
LSB-00241,min,0.035,0,NA
LSB-00242,min,0.02,0,NA
LSB-00243,min,0.02,0,NA
LSB-00244,min,0.02,0,NA
LSB-00245,min,0.02,0,NA
LSB-00246,min,0.02,0,NA
LSB-00247,min,0.02,0,NA
LSB-00248,min,0.02,0,NA
LSB-00249,min,0.02,0,NA
LSB-00250,min,0.02,0,NA
LSB-00251,min,0.02,0,NA
LSB-00252,min,0.02,0,NA
LSB-00253,min,0.02,0,NA
LSB-00254,min,0.015,0,NA
LSB-00255,min,0.015,0,NA
LSB-00256,min,0.015,0,NA
LSB-00257,min,0.015,0,NA
LSB-00258,min,0.015,0,NA
LSB-00259,min,0.02,0,NA
LSB-00260,min,0.02,0,NA
LSB-00261,min,0.02,0,NA
LSB-00262,min,0.02,0,NA
LSB-00263,min,0.02,0,NA
LSB-00264,min,0.02,0,NA
LSB-00265,min,0.08,0,NA
LSB-00268,min,0.015,0,NA
LSB-00270,min,0.1,0,NA
LSB-00271,min,0.05,0,NA
LSB-00272,charge,0.35,0,NA
LSB-00272,kWh,0.12,0,NA
LSB-00273,min,0.03,0,NA
LSB-00274,min,0.03,0,NA
LSB-00275,min,0.03,0,NA
LSB-00276,min,0.03,0,NA
LSB-00277,min,0.105,0,NA
LSB-00278,min,0.105,0,NA
LSB-00279,min,0.105,0,NA
LSB-00280,min,0.105,0,NA
LSB-00281,min,0.105,0,NA
LSB-00282,min,0.105,0,NA
LSB-00283,charge,0,0,NA
LSB-00283,min,0.02,0,NA
LSB-00284,charge,0,0,NA
LSB-00284,min,0.02,0,NA
LSB-00285,charge,0,0,NA
LSB-00285,min,0.02,0,NA
LSB-00286,charge,0,0,NA
LSB-00286,min,0.02,0,NA
LSB-00287,charge,0,0,NA
LSB-00287,min,0.02,0,NA
LSB-00288,charge,0,0,NA
LSB-00288,min,0.02,0,NA
LSB-00289,charge,0,0,NA
LSB-00289,min,0.02,0,NA
LSB-00290,charge,0,0,NA
LSB-00290,min,0.02,0,NA
LSB-00291,charge,0,0,NA
LSB-00291,min,0.02,0,NA
LSB-00292,charge,0,0,NA
LSB-00292,min,0.02,0,NA
LSB-00293,charge,0,0,NA
LSB-00293,min,0.02,0,NA
LSB-00294,charge,0,0,NA
LSB-00294,min,0.02,0,NA
LSB-00295,charge,0,0,NA
LSB-00295,min,0.02,0,NA
LSB-00296,min,0.03,0,NA
LSB-00301,min,0.105,0,NA
LSB-00302,min,0.08,0,NA
LSB-00303,min,0.08,0,NA
LSB-00304,min,0.02,0,NA
LSB-00305,min,0.02,0,NA
LSB-00309,charge,0.15,0,NA
LSB-00309,min,0.03,0,NA
LSB-00314,min,0.03,0,NA
LSB-00315,min,0.03,0,NA
LSB-00316,min,0.08,0,NA
LSB-00317,min,0.08,0,NA
LSB-00510,min,0,0,NA
LSB-00540,min,0,0,NA
LSB-00541,min,0,0,NA
LSB-01010,min,0,0,NA
LSB-01030,min,0,0,NA
LSB-01040,min,0,0,NA
LSB-01050,min,0,0,NA
LSB-01051,min,0,0,NA
LSB-01060,min,0,0,NA
LSB-01061,min,0,0,NA
LSB-01062,min,0,0,NA
LSB-01070,min,0,0,NA
LSB-01071,min,0,0,NA
LSB-01072,min,0,0,NA
LSB-01080,min,0,0,NA
LSB-01110,min,0,0,NA
LSB-01111,min,0,0,NA
LSB-01120,min,0,0,NA
LSB-01121,min,0,0,NA
LSB-01130,min,0,0,NA
LSB-01131,min,0,0,NA
LSB-01132,min,0,0,NA
LSB-01133,min,0,0,NA
LSB-01134,min,0,0,NA
LSB-01135,min,0,0,NA
LSB-01502,min,0,0,NA
LSB-01503,min,0,0,NA
LSB-01527,min,0,0,NA
LSB-01529,min,0.102,0,30
LSB-01529,min,0.163,30,NA
LSB-01532,min,0.12,0,NA
LSB-01534,min,0.025,0,NA
LSB-01535,min,0.025,0,NA
LSB-01536,min,0.025,0,NA
LSB-01537,min,0.025,0,NA
LSB-01540,min,0.05,0,NA
LSB-01541,min,0.05,0,NA
LSB-90001,min,0.009,0,NA
LSB-90002,min,0.004,0,NA
LSB-90003,min,0.025,0,NA
LSB-90004,min,0.031,0,NA
LSB-90005,min,0.031,0,NA
LSB-90006,min,0.004,0,NA
LSB-90007,min,0.009,0,NA
LSB-90009,min,0.006,0,NA
LSB-90010,min,0.0046,0,NA
LSB-90012,kWh,0.1,0,NA
LSB-90016,min,0.0046,0,NA
LSB-90017,min,0.004,0,NA
LSB-90018,min,0.006,0,NA
LSB-90020,min,0.005,0,NA
LSB-90021,min,0.0037,0,NA
LSB-90022,min,0.009,0,NA
LSB-90023,min,0.004,0,NA
LSB-90024,min,0.02,0,NA
LSB-90025,min,0.004,0,NA
LSB-90027,min,0.009,0,NA
LSB-90028,min,0.02,0,NA
LSB-90029,min,0.009,0,NA
LSB-90031,min,0.006,0,NA
LSB-90033,min,0.0046,0,NA
LSB-90034,min,0.029,0,NA
LSB-90035,min,0.025,0,NA
LSB-90036,min,0.0046,0,NA
LSB-90037,min,0.004,0,NA
LSB-90038,min,0.031,0,NA
LSB-90039,min,0.031,0,NA
LSB-90040,min,0.02,0,NA
LSB-90041,min,0.006,0,NA
LSB-90042,kWh,0.1,0,NA
LSB-90043,min,0.02,0,NA
LSB-90044,kWh,0.1,0,NA
LSB-90045,min,0.02,0,NA
LSB-90046,min,0.025,0,NA
LSB-90047,min,0.005,0,NA
LSB-90048,min,0.0037,0,NA
LSB-90049,min,0.009,0,NA
LSB-90050,min,0.004,0,NA
LSB-90053,min,0.02,0,NA
LSB-90054,min,0.009,0,NA
LSB-90055,min,0.006,0,NA
LSB-90056,min,0.0046,0,NA
LSB-90057,min,0.0046,0,NA
LSB-90058,min,0.004,0,NA
LSB-90059,min,0.029,0,NA
LSB-90060,min,0.025,0,NA
LSB-90061,min,0.006,0,NA
LSB-90062,min,0.005,0,NA
LSB-90063,min,0.0037,0,NA
LSB-90064,min,0.031,0,NA
LSB-90067,min,0.009,0,NA
LSB-90069,min,0.004,0,NA
LSB-90073,min,0.031,0,NA
LSB-90074,min,0.004,0,NA
LSB-90076,min,0.009,0,NA
LSB-90078,min,0.006,0,NA
LSB-90079,min,0.02,0,NA
LSB-90080,min,0.0046,0,NA
LSB-90081,kWh,0.1,0,NA
LSB-90083,min,0.02,0,NA
LSB-90085,min,0.0046,0,NA
LSB-90089,min,0.004,0,NA
LSB-90091,kWh,0.1,0,NA
LSB-90092,min,0.02,0,NA
LSB-90093,min,0.025,0,NA
LSB-90096,min,0.006,0,NA
LSB-90097,min,0.007,0,NA
LSB-90099,min,0.029,0,NA
LSB-90100,min,0.025,0,NA
LSB-90101,min,0.031,0,NA
LSB-90102,min,0.011,0,NA
LSB-90103,min,0.02,0,NA
LSB-90105,kWh,0.1,0,NA
LSB-90108,min,0.005,0,NA
LSB-90111,min,0.0037,0,NA
LSB-90112,min,0.009,0,NA
LSB-90116,kWh,0.1,0,NA
LSB-90118,min,0.004,0,NA
LSB-90122,min,0.004,0,NA
LSB-90124,min,0.009,0,NA
LSB-90127,min,0.006,0,NA
LSB-90129,min,0.025,0,NA
LSB-90130,min,0.0046,0,NA
LSB-90132,min,0.0046,0,NA
LSB-90133,min,0.004,0,NA
LSB-90134,min,0.006,0,NA
LSB-90135,min,0.005,0,NA
LSB-90136,min,0.0037,0,NA
LSB-90137,min,0.02,0,NA
LSB-90138,min,0.009,0,NA
LSB-90139,min,0.004,0,NA
LSB-90140,min,0.004,0,NA
LSB-90142,min,0.009,0,NA
LSB-90143,min,0.025,0,NA
LSB-90144,min,0.006,0,NA
LSB-90145,min,0.0046,0,NA
LSB-90146,min,0.0046,0,NA
LSB-90147,min,0.004,0,NA
LSB-90148,min,0.006,0,NA
LSB-90149,min,0.005,0,NA
LSB-90150,min,0.0037,0,NA
LSB-90151,min,0.011,0,NA
LSB-90163,min,0.009,0,NA
LSB-90169,min,0.031,0,NA
LSB-90175,min,0.02,0,NA
LSB-90178,min,0.02,0,NA
LSB-90179,min,0.02,0,NA
LSB-90500,min,0.004,0,NA
LSB-90501,min,0.004,0,NA
LSB-90520,min,0.006,0,NA
LSB-90521,min,0.005,0,NA
LSB-90530,min,0.0037,0,NA
LSB-90531,min,0.004,0,NA
LSB-91090,min,0.004,0,NA
LSB-91100,min,0.006,0,NA
LSB-91101,min,0.005,0,NA
MAC-90001,min,0.031,0,NA
MAD-00001,min,0.074,0,NA
MAI-00005,min,0.1,0,NA
MAI-00006,min,0.01,0,NA
MAI-00007,min,0.03,0,NA
MAI-00008,min,0.03,0,NA
MAI-00009,min,0.03,0,NA
MAI-00010,min,0.03,0,NA
MAI-00011,min,0.08,0,NA
MAI-00012,kWh,0.09,0,NA
MAI-00013,kWh,0.09,0,NA
MAI-00014,kWh,0.08,0,NA
MBR-90001,min,0.025,0,NA
MCD-90001,min,0.02,0,NA
MCH-00001,min,0.04,0,NA
MCH-00002,min,0.04,0,NA
MCH-00003,min,0.04,0,NA
MCH-00004,min,0.04,0,NA
MCN-90001,min,0.031,0,NA
MCQ-90001,min,0.031,0,NA
MCV-00001,min,0,0,NA
MDA-00001,min,0.04,0,NA
MDB-90001,min,0.025,0,NA
MDL-00001,min,0,0,NA
MDL-00002,min,0.08,0,NA
MDR-90001,min,0.029,0,NA
MED-90001,min,0.025,0,NA
MFR-00001,charge,0.5,0,NA
MFR-00001,min,0.03,0,NA
MFR-00003,min,0.12,0,NA
MFR-00004,min,0.12,0,NA
MFR-00005,min,0,0,NA
MFR-00006,min,0,0,NA
MFR-00007,min,0.12,0,NA
MFR-00008,min,0.1,0,NA
MFR-00009,min,0.1,0,NA
MFR-00010,min,0.12,0,NA
MFR-00011,min,0.12,0,NA
MFR-00012,min,0.12,0,NA
MFR-90002,min,0.031,0,NA
MFT-90001,min,0.029,0,NA
MGD-90001,min,0.025,0,NA
MGL-00001,min,0,0,NA
MGL-00002,min,0,0,NA
MGR-90001,min,0.02,0,NA
MIR-90001,min,0.025,0,NA
MLD-00001,min,0,0,NA
MLD-00003,min,0.08,0,NA
MLG-00002,min,0.04,0,NA
MLG-90001,min,0.02,0,NA
MMV-90001,min,0.025,0,NA
MNC-90001,min,0.02,0,NA
MOBI-ALM-00001,min,0,0,NA
MOBI-AVR-00003,min,0.01,0,NA
MOBI-BRG-00001,min,0,0,NA
MOBI-BRG-00002,min,0.06,0,NA
MOBI-LLE-00001,min,0.0325,0,NA
MOBI-LSB-00001,charge,0.1,0,NA
MOBI-LSB-00001,kWh,0.06,0,NA
MOBI-LSB-00002,min,0.024,0,NA
MOBI-LSB-00003,min,0.024,0,NA
MOBI-LSB-00004,min,0,0,NA
MOBI-LSB-00007,min,0.06,0,NA
MOBI-LSB-00011,min,0.015,0,NA
MOBI-LSB-00012,min,0.015,0,NA
MOBI-LSB-00013,min,0,0,NA
MOBI-LSB-00014,min,0,0,NA
MOBI-LSB-00015,min,0,0,NA
MOBI-LSB-00016,min,0,0,NA
MOBI-LSB-00017,min,0,0,NA
MOBI-LSB-00018,min,0,0,NA
MOBI-LSB-00019,min,0,0,NA
MOBI-LSB-00020,min,0,0,NA
MOBI-LSB-00021,min,0,0,NA
MOBI-LSB-00022,min,0,0,NA
MOBI-LSB-00023,min,0,0,NA
MOBI-LSB-00024,min,0,0,NA
MOBI-LSB-00025,min,0,0,NA
MOBI-LSB-00026,min,0,0,NA
MOBI-LSB-00027,min,0,0,NA
MOBI-LSB-00028,min,0,0,NA
MOBI-MTS-00001,charge,0.1,0,NA
MOBI-MTS-00001,min,0.03,0,NA
MOBI-ODV-00001,min,0,0,NA
MOBI-ODV-00002,min,0,0,NA
MOBI-OER-00001,min,0.015,0,NA
MOBI-OER-00002,min,0.015,0,NA
MOBI-OER-00003,min,0.015,0,NA
MOBI-OER-00004,min,0.015,0,NA
MOBI-RPN-00001,kWh,0.1,0,NA
MOBI-SNT-00001,min,0,0,NA
MOBI-SXL-00001,min,0.015,0,NA
MOBI-SXL-00002,min,0.015,0,NA
MOBIE-00001,min,0,0,NA
MOR-90001,kWh,0.1,0,NA
MOU-90001,kWh,0.1,0,NA
MRA-90001,min,0.02,0,NA
MRS-00002,min,0.015,0,NA
MRS-00003,min,0.015,0,NA
MRT-90001,min,0.025,0,NA
MRV-90001,min,0.029,0,NA
MTA-00002,min,0.03,0,NA
MTG-00002,min,0.015,0,NA
MTG-00003,min,0.015,0,NA
MTG-90001,min,0.025,0,NA
MTJ-00002,charge,0.1,0,NA
MTJ-00002,min,0.025,0,NA
MTJ-00004,min,0.04,0,NA
MTJ-00005,min,0.02,0,NA
MTJ-00006,charge,0.1,0,NA
MTJ-00006,min,0.025,0,NA
MTJ-00007,charge,0.1,0,NA
MTJ-00007,min,0.025,0,NA
MTJ-00008,min,0.05,0,NA
MTJ-00009,min,0.05,0,NA
MTJ-00013,min,0.1,0,NA
MTL-90001,min,0.02,0,NA
MTR-00001,min,0,0,NA
MTR-00002,min,0,0,NA
MTR-00003,min,0,0,NA
MTR-00005,kWh,0.14,0,NA
MTR-00006,kWh,0.14,0,NA
MTR-00007,kWh,0.14,0,NA
MTR-90004,min,0.031,0,NA
MTS-00001,min,0.057,0,NA
MTS-00002,min,0.01,0,NA
MTS-00003,min,0.01,0,NA
MTS-00005,min,0.01,0,NA
MTS-00006,min,0.01,0,NA
MTS-00007,min,0.08,0,NA
MTS-00008,min,0.025,0,NA
MTS-00009,min,0.025,0,NA
MTS-00011,min,0.1,0,NA
MTS-00014,min,0.01,0,NA
MTS-00015,min,0.01,0,NA
MTS-00016,min,0.04,0,NA
MTS-00017,min,0.04,0,NA
MTS-00018,min,0.025,0,NA
MTS-00019,min,0.025,0,NA
MTS-00020,min,0.025,0,NA
MTS-00021,min,0.105,0,NA
MTS-00022,min,0.04,0,NA
MTS-00023,min,0.04,0,NA
MTS-00024,min,0.105,0,NA
MTS-00025,min,0.035,0,NA
MTS-00026,min,0.035,0,NA
MTS-00027,min,0.085,0,NA
MTS-00028,min,0.03,0,NA
MTS-00029,min,0.105,0,NA
NIS-90001,min,0.029,0,NA
NRD-00001,min,0.074,0,NA
NZR-90001,min,0.031,0,NA
OAZ-00001,min,0,0,NA
OAZ-00002,min,0,0,NA
OAZ-00005,min,0.04,0,NA
OAZ-90004,min,0.031,0,NA
OBD-00003,min,0.01,0,NA
OBD-00004,min,0,0,NA
OBD-00006,min,0.08,0,NA
OBD-90005,min,0.02,0,NA
OBR-90001,min,0.025,0,NA
ODM-00002,min,0,0,NA
ODM-00004,min,0,0,NA
ODM-90003,kWh,0.1,0,NA
ODV-00001,min,0.02,0,NA
ODV-00003,min,0.02,0,NA
ODV-00005,min,0.04,0,NA
ODV-00006,min,0.105,0,NA
OER-00001,min,0.105,0,NA
OER-00005,min,0.015,0,NA
OER-00006,kWh,0.06,0,NA
OER-00007,kWh,0.06,0,NA
OER-00011,charge,0.15,0,NA
OER-00011,min,0.03,0,NA
OER-00012,charge,0.15,0,NA
OER-00012,min,0.03,0,NA
OER-00014,min,0.04,0,NA
OER-00015,min,0.015,0,NA
OER-00016,min,0.015,0,NA
OER-00018,kWh,0.06,0,NA
OER-00019,kWh,0.06,0,NA
OER-00020,min,0.035,0,NA
OER-00021,min,0.035,0,NA
OER-00022,min,0.035,0,NA
OER-00024,kWh,0.06,0,NA
OER-00025,kWh,0.06,0,NA
OER-00026,min,0.03,0,NA
OER-00027,min,0.03,0,NA
OER-00028,charge,0.1,0,NA
OER-00028,min,0.02,0,NA
OER-00028,kWh,0.03,0,NA
OER-00029,min,0.03,0,NA
OER-00030,min,0.03,0,NA
OER-00031,min,0.12,0,NA
OER-00032,min,0.24,0,NA
OER-00034,min,0.12,0,NA
OER-00035,min,0.12,0,NA
OER-00036,min,0.12,0,NA
OER-00038,min,0.24,0,NA
OER-00039,min,0.24,0,NA
OER-00040,kWh,0.12,0,NA
OER-00041,kWh,0.12,0,NA
OER-00042,kWh,0.1,0,NA
OER-00043,kWh,0.1,0,NA
OER-00044,min,0.245,0,NA
OER-00060,min,0.03,0,NA
OER-90013,min,0.02,0,NA
OHP-00001,kWh,0.07,0,NA
OHP-00003,min,0.102,0,30
OHP-00003,min,0.163,30,NA
OHP-00004,min,0.01,0,NA
OLH-00003,min,0.08,0,NA
OLH-90001,min,0.025,0,NA
OLR-00001,min,0.01,0,NA
OLR-90002,min,0.02,0,NA
ORM-90001,min,0.031,0,NA
ORQ-00002,min,0,0,NA
OVR-00002,min,0,0,NA
OVR-00003,min,0,0,NA
OVR-00004,min,0.03,0,NA
OVR-00005,min,0.08,0,NA
OVR-00006,min,0.02,0,NA
OVR-00007,min,0.035,0,NA
OVR-00008,min,0.1,0,NA
OVR-90001,min,0,0,NA
PAGESP-00001,min,0,0,NA
PAGESP-00002,min,0,0,NA
PAGESP-00003,min,0,0,NA
PBL-00001,min,0.105,0,NA
PBL-00002,min,0.105,0,NA
PBL-90003,min,0.029,0,NA
PCR-90001,kWh,0.1,0,NA
PCT-90001,min,0.025,0,NA
PCV-90001,min,0.031,0,NA
PDL-00001,min,0.075,0,NA
PDL-00002,min,0.074,0,NA
PDL-00003,min,0.075,0,NA
PDL-00004,min,0.074,0,NA
PDL-00005,min,0,0,NA
PDL-00006,min,0.025,0,NA
PDL-00007,min,0.075,0,NA
PFR-90001,kWh,0.1,0,NA
PGR-90001,kWh,0.1,0,NA
PLM-00002,min,0.105,0,NA
PLM-00004,min,0.015,0,NA
PLM-00005,min,0.1,0,NA
PLM-90001,min,0.031,0,NA
PMS-90001,min,0.031,0,NA
PMZ-00003,min,0.03,0,NA
PND-90001,min,0.031,0,NA
PNF-00005,min,0.015,0,NA
PNF-90004,min,0.029,0,NA
PNI-00001,min,0.01,0,NA
PNI-90002,kWh,0.1,0,NA
PNL-90001,min,0.031,0,NA
PNV-00002,min,0.04,0,NA
PPS-90001,min,0.02,0,NA
PRD-00001,min,0,0,NA
PRD-90002,min,0.02,0,NA
PRL-90001,min,0.031,0,NA
PRS-90001,min,0.02,0,NA
PRT-00001,min,0.048,0,NA
PRT-00013,min,0.1,0,NA
PRT-00014,min,0.1,0,NA
PRT-00015,min,0.1,0,NA
PRT-00019,min,0.105,0,NA
PRT-00020,min,0.1,0,NA
PRT-00021,min,0.015,0,NA
PRT-00022,min,0.035,0,NA
PRT-00023,min,0.05,0,NA
PRT-00024,min,0.05,0,NA
PRT-00025,min,0.05,0,NA
PRT-00028,charge,0.1,0,NA
PRT-00028,min,0.03,0,NA
PRT-00029,charge,0.1,0,NA
PRT-00029,min,0.03,0,NA
PRT-00030,min,0.1,0,NA
PRT-00031,min,0,0,NA
PRT-00032,min,0,0,NA
PRT-00033,min,0.015,0,NA
PRT-00034,min,0.015,0,NA
PRT-00038,min,0.03,0,NA
PRT-00039,min,0.03,0,NA
PRT-00043,min,0.03,0,NA
PRT-00044,min,0.03,0,NA
PRT-00045,min,0.03,0,NA
PRT-00046,min,0.03,0,NA
PRT-00047,min,0.02,0,NA
PRT-00048,min,0.1,0,NA
PRT-00049,min,0.08,0,NA
PRT-00050,min,0.08,0,NA
PRT-00051,min,0.1,0,NA
PRT-00052,min,0.1,0,NA
PRT-00062,charge,0.15,0,NA
PRT-00062,min,0.03,0,NA
PRT-00063,min,0.025,0,NA
PRT-00064,min,0.025,0,NA
PRT-00065,min,0.025,0,NA
PRT-00066,min,0.025,0,NA
PRT-00067,min,0.025,0,NA
PRT-00068,min,0.1,0,NA
PRT-00070,min,0.02,0,NA
PRT-00086,min,0,0,NA
PRT-00101,min,0.102,0,30
PRT-00101,min,0.163,30,NA
PRT-00103,min,0,0,NA
PRT-00105,min,0.01,0,NA
PRT-90080,min,0.009,0,NA
PRT-90081,min,0.006,0,NA
PRT-90082,min,0.0046,0,NA
PRT-90085,min,0.0046,0,NA
PSR-00001,min,0,0,NA
PST-00002,min,0.03,0,NA
PST-00003,min,0.03,0,NA
PST-00004,min,0.03,0,NA
PTG-00008,min,0.035,0,NA
PTG-00009,min,0.09,0,NA
PTG-00010,min,0.05,0,NA
PTG-90001,min,0.006,0,NA
PTG-90002,min,0.007,0,NA
PTG-90003,min,0.0046,0,NA
PTG-90004,min,0.004,0,NA
PTL-00003,min,0.1,0,NA
PTL-00004,min,0.035,0,NA
PTL-00005,min,0.08,0,NA
PTM-00002,min,0,0,NA
PTM-00003,min,0.0325,0,NA
PTM-00004,charge,0.1,0,NA
PTM-00004,min,0.03,0,NA
PTM-00005,charge,0.1,0,NA
PTM-00005,min,0.03,0,NA
PTM-00006,charge,0.1,0,NA
PTM-00006,min,0.03,0,NA
PTM-00007,charge,0.1,0,NA
PTM-00007,min,0.03,0,NA
PTM-00009,min,0.03,0,NA
PTM-00010,charge,0.1,0,NA
PTM-00010,min,0.03,0,NA
PTM-00011,charge,0.1,0,NA
PTM-00011,min,0.03,0,NA
PTM-00012,charge,0.1,0,NA
PTM-00012,min,0.03,0,NA
PTM-00013,charge,0.1,0,NA
PTM-00013,min,0.03,0,NA
PTM-00014,charge,0.1,0,NA
PTM-00014,min,0.03,0,NA
PTM-00015,charge,0.1,0,NA
PTM-00015,min,0.03,0,NA
PTM-00016,min,0.015,0,NA
PTM-00017,min,0.015,0,NA
PTM-90001,min,0.029,0,NA
PVC-00001,min,0.074,0,NA
PVL-90001,min,0.02,0,NA
PVZ-00003,min,0.12,0,NA
PVZ-00004,min,0.12,0,NA
PVZ-00005,min,0.03,0,NA
PVZ-00006,min,0.03,0,NA
RAM-CML-00001,min,0.04,0,NA
RBR-00001,min,0.04,0,NA
RDD-90001,kWh,0.1,0,NA
RGR-00001,min,0.075,0,NA
RGR-00003,min,0.095,0,NA
RMR-90001,kWh,0.1,0,NA
RMZ-90001,min,0.025,0,NA
RPN-90001,min,0.031,0,NA
SAT-90001,min,0.02,0,NA
SBA-90001,min,0.031,0,NA
SBG-90001,kWh,0.1,0,NA
SCD-90001,min,0.02,0,NA
SCG-00001,min,0.075,0,NA
SCR-00001,min,0.04,0,NA
SCR-00002,min,0,0,NA
SCR-00003,min,0,0,NA
SCR-00004,min,0,0,NA
SCR-00005,min,0,0,NA
SCR-00006,min,0.025,0,NA
SCR-00007,min,0,0,NA
SCR-00009,min,0,0,NA
SCR-00010,min,0,0,NA
SCR-00011,min,0,0,NA
SEI-00002,min,0,0,NA
SEI-00003,min,0.08,0,NA
SJM-90001,min,0.02,0,NA
SJP-90001,min,0.02,0,NA
SLV-00003,charge,0.1,0,NA
SLV-00003,min,0.03,0,NA
SLV-00004,charge,0.1,0,NA
SLV-00004,min,0.03,0,NA
SLV-00005,min,0.03,0,NA
SLV-90001,min,0.031,0,NA
SMG-90001,min,0.025,0,NA
SMP-90001,min,0.031,0,NA
SNS-00004,min,0.1,0,NA
SNT-00001,min,0,0,NA
SNT-00003,min,0,0,NA
SNT-00004,min,0,0,NA
SNT-00006,min,0,0,NA
SNT-00007,min,0,0,NA
SNT-00008,min,0,0,NA
SNT-00011,min,0.12,0,NA
SNT-00012,min,0.12,0,NA
SNT-00014,min,0.025,0,NA
SNT-00015,kWh,0.06,0,NA
SNT-00016,min,0.01,0,NA
SNT-00017,min,0,0,NA
SNT-00018,min,0,0,NA
SNT-00019,min,0.12,0,NA
SNT-00020,min,0,0,NA
SNT-00021,min,0,0,NA
SNT-00022,min,0.12,0,NA
SNT-00023,charge,0.1,0,NA
SNT-00023,min,0.03,0,NA
SNT-00027,charge,0.1,0,NA
SNT-00027,min,0.03,0,NA
SNT-00031,min,0.01,0,NA
SNT-00032,min,0.102,0,30
SNT-00032,min,0.163,30,NA
SNT-00033,min,0.102,0,30
SNT-00033,min,0.163,30,NA
SNT-00041,min,0,0,NA
SNT-00042,min,0,0,NA
SNT-00044,min,0.1,0,NA
SNT-00045,min,0.1,0,NA
SNT-00046,min,0.105,0,NA
SNT-90002,min,0.009,0,NA
SNT-90005,min,0.009,0,NA
SNT-90010,min,0.005,0,NA
SNT-90024,min,0.006,0,NA
SNT-90025,min,0.0046,0,NA
SPS-90001,min,0.031,0,NA
SRD-90001,min,0.02,0,NA
SRE-00001,min,0,0,NA
SRN-90001,min,0.02,0,NA
SRP-00002,min,0,0,NA
SRP-00003,min,0.08,0,NA
SRP-90001,min,0.0025,0,NA
SRT-90001,min,0.031,0,NA
SSB-00002,min,0.1,0,NA
SSB-00003,min,0.03,0,NA
SSL-90001,min,0.025,0,NA
STB-00002,min,0,0,NA
STB-00006,min,0,0,NA
STB-00007,min,0,0,NA
STB-00011,min,0,0,NA
STB-00013,min,0.102,0,30
STB-00013,min,0.163,30,NA
STB-00014,kWh,0.12,0,NA
STB-00015,min,0.04,0,NA
STB-90001,min,0.009,0,NA
STB-90003,min,0.009,0,NA
STB-90004,min,0.0046,0,NA
STB-90005,min,0.011,0,NA
STB-90008,min,0.006,0,NA
STB-90009,min,0.005,0,NA
STB-90010,min,0.0037,0,NA
STB-90012,min,0.006,0,NA
STC-00004,min,0.035,0,NA
STC-00005,min,0.08,0,NA
STC-90001,kWh,0.1,0,NA
STN-00002,min,0.04,0,NA
STN-00003,min,0.03,0,NA
STR-00004,min,0,0,NA
STR-00011,min,0.1,0,NA
STR-00012,min,0.1,0,NA
STR-00014,min,0.08,0,NA
STR-00015,min,0.1,0,NA
STR-00016,min,0.035,0,NA
STR-90001,kWh,0.1,0,NA
STR-90002,min,0.004,0,NA
STR-90003,min,0.007,0,NA
STR-90005,min,0.0046,0,NA
STR-90006,min,0.0046,0,NA
STR-90007,min,0.004,0,NA
STR-90008,min,0.006,0,NA
STR-90009,min,0.005,0,NA
STR-90010,min,0.0037,0,NA
STS-00001,min,0,0,NA
STS-00002,min,0.1,0,NA
STS-00003,min,0.1,0,NA
STS-00004,kWh,0.12,0,NA
STS-00005,kWh,0.1,0,NA
SVC-00001,min,0.03,0,NA
SVC-00002,min,0.04,0,NA
SVV-90001,min,0.02,0,NA
SXL-00002,min,0.1,0,NA
SXL-00004,min,0.05,0,NA
SXL-00005,min,0.08,0,NA
SXL-00006,min,0.105,0,NA
SXL-00007,charge,0.5,0,NA
SXL-00007,min,0.03,0,NA
SXL-00008,charge,0.5,0,NA
SXL-00008,min,0.03,0,NA
TAGUS-00001,min,0.01,0,NA
TAGUS-00002,min,0.01,0,NA
TAGUS-00003,min,0.01,0,NA
TAGUS-00004,min,0.01,0,NA
TBC-00001,min,0.012,0,NA
TBC-90002,kWh,0.1,0,NA
TBR-00002,charge,0.1,0,NA
TBR-00002,min,0.03,0,NA
TBR-00003,charge,0.1,0,NA
TBR-00003,min,0.03,0,NA
TBU-00001,min,0,0,NA
TBU-00002,min,0,0,NA
TCS-90001,min,0.02,0,NA
TMC-90001,min,0.025,0,NA
TMR-00002,min,0.05,0,NA
TMR-90001,min,0.025,0,NA
TND-00001,min,0,0,NA
TND-00002,min,0,0,NA
TND-00003,min,0,0,NA
TND-90004,min,0.025,0,NA
TNV-00001,min,0,0,NA
TNV-00003,min,0.08,0,NA
TNV-00004,min,0.035,0,NA
TNV-90002,kWh,0.1,0,NA
TRC-90001,min,0.031,0,NA
TRF-00002,min,0.105,0,NA
TRF-00004,charge,0.15,0,NA
TRF-00004,min,0.025,0,NA
TRF-90001,kWh,0.1,0,NA
TVD-00001,min,0,0,NA
TVD-00003,min,0,0,NA
TVD-00004,min,0,0,NA
TVD-00007,min,0.105,0,NA
TVD-00008,min,0.105,0,NA
TVD-00009,charge,0.5,0,NA
TVD-00009,min,0.03,0,NA
TVD-00010,min,0.035,0,NA
TVD-00011,min,0.035,0,NA
TVD-00012,min,0.04,0,NA
TVD-00013,min,0.04,0,NA
TVD-00014,min,0.1,0,NA
TVD-00015,min,0.24,0,NA
TVD-00016,min,0.24,0,NA
TVD-00017,min,0.04,0,NA
TVD-00018,min,0.04,0,NA
TVD-90002,min,0.009,0,NA
TVD-90005,min,0.009,0,NA
TVD-90006,min,0.01,0,NA
TVR-00001,min,0,0,NA
TVR-00002,charge,0.1,0,NA
TVR-00002,min,0.03,0,NA
TVR-00003,charge,0.1,0,NA
TVR-00003,min,0.03,0,NA
TVR-00006,charge,0.1,0,NA
TVR-00006,min,0.03,0,NA
TVR-00007,charge,0.1,0,NA
TVR-00007,min,0.03,0,NA
TVR-00008,charge,0.1,0,NA
TVR-00008,min,0.03,0,NA
TVR-00009,charge,0.1,0,NA
TVR-00009,min,0.03,0,NA
VBP-00004,charge,0.1,0,NA
VBP-00004,min,0.03,0,NA
VBP-00005,charge,0.1,0,NA
VBP-00005,min,0.03,0,NA
VBP-90001,min,0.02,0,NA
VCD-00002,min,0,0,NA
VCD-00003,min,0,0,NA
VCD-00005,min,0.03,0,NA
VCD-00006,min,0.105,0,NA
VCT-00001,min,0,0,NA
VCT-00002,min,0,0,NA
VCT-00008,min,0,0,NA
VCT-00011,min,0.08,0,NA
VCT-00012,charge,0.1,0,NA
VCT-00012,min,0.03,0,NA
VCT-00013,charge,0.1,0,NA
VCT-00013,min,0.03,0,NA
VCT-00014,min,0.08,0,NA
VCT-90003,kWh,0.1,0,NA
VCT-90004,min,0.006,0,NA
VCT-90005,min,0.005,0,NA
VCT-90006,min,0.0037,0,NA
VCT-90007,kWh,0.1,0,NA
VCT-90009,min,0.009,0,NA
VCT-90010,min,0.006,0,NA
VFC-00001,min,0.03,0,NA
VFR-00003,min,0.105,0,NA
VFR-00004,min,0.1,0,NA
VFR-00005,min,0.035,0,NA
VFR-00006,min,0.08,0,NA
VFX-00003,min,0.102,0,30
VFX-00003,min,0.163,30,NA
VFX-00007,kWh,0.12,0,NA
VFX-00008,kWh,0.12,0,NA
VFX-00009,kWh,0.1,0,NA
VFX-00010,kWh,0.1,0,NA
VFX-00011,kWh,0.1,0,NA
VFX-00012,kWh,0.1,0,NA
VFX-00013,min,0.08,0,NA
VGS-90001,min,0.02,0,NA
VIS-00001,min,0.1,0,NA
VIS-00002,min,0.1,0,NA
VIS-00003,min,0.102,0,30
VIS-00003,min,0.163,30,NA
VIS-00006,min,0.08,0,NA
VIS-00035,min,0,0,NA
VIS-00036,min,0,0,NA
VIS-00055,min,0,0,NA
VIS-00056,charge,0.1,0,NA
VIS-00056,min,0.025,0,NA
VIS-90032,min,0.006,0,NA
VIS-90033,min,0.0046,0,NA
VIS-90034,min,0.0046,0,NA
VIS-90037,min,0.006,0,NA
VIS-90038,min,0.01,0,NA
VIS-90039,min,0.005,0,NA
VIS-90040,min,0.0037,0,NA
VIS-90041,min,0.009,0,NA
VIZ-00002,min,0.1,0,NA
VIZ-90001,min,0.02,0,NA
VLC-00002,min,0,0,NA
VLC-00003,min,0.015,0,NA
VLC-00005,kWh,0.06,0,NA
VLF-00001,min,0,0,NA
VLG-00002,min,0.1,0,NA
VLG-00003,min,0.04,0,NA
VLG-00004,min,0.102,0,30
VLG-00004,min,0.163,30,NA
VLG-00005,min,0.01,0,NA
VLN-00001,min,0.08,0,NA
VLN-00003,min,0.08,0,NA
VLP-00001,min,0.04,0,NA
VLR-90001,min,0.02,0,NA
VLS-00001,min,0.075,0,NA
VMS-90001,min,0.02,0,NA
VNB-90001,min,0.031,0,NA
VNC-00002,min,0.03,0,NA
VNC-90001,min,0.031,0,NA
VND-00003,min,0.08,0,NA
VNF-00003,min,0.105,0,NA
VNF-00004,min,0.105,0,NA
VNF-00008,charge,0.5,0,NA
VNF-00008,min,0.03,0,NA
VNF-00009,min,0.1,0,NA
VNF-00010,min,0.08,0,NA
VNF-00013,min,0.09,0,NA
VNF-00014,kWh,0.09,0,NA
VNF-00015,kWh,0.08,0,NA
VNF-00016,kWh,0.08,0,NA
VNF-90007,min,0.029,0,NA
VNG-00003,min,0,0,NA
VNG-00006,min,0,0,NA
VNG-00011,min,0,0,NA
VNG-00012,min,0,0,NA
VNG-00013,min,0,0,NA
VNG-00016,min,0.057,0,NA
VNG-00017,min,0.04,0,NA
VNG-00018,min,0.03,0,NA
VNG-00019,min,0.105,0,NA
VNG-00025,min,0.025,0,NA
VNG-00026,min,0.025,0,NA
VNG-00027,min,0.025,0,NA
VNG-00028,min,0.025,0,NA
VNG-00029,min,0.01,0,NA
VNG-00030,min,0.01,0,NA
VNG-00032,min,0.1,0,NA
VNG-00033,min,0.1,0,NA
VNG-00034,min,0.102,0,30
VNG-00034,min,0.163,30,NA
VNG-00035,min,0.015,0,NA
VNG-00036,min,0.015,0,NA
VNG-00037,min,0.035,0,NA
VNG-00038,min,0.035,0,NA
VNG-00039,min,0.05,0,NA
VNG-00041,min,0.09,0,NA
VNG-00042,min,0.09,0,NA
VNG-00043,min,0.102,0,30
VNG-00043,min,0.163,30,NA
VNG-00044,min,0.105,0,NA
VNG-00046,min,0.035,0,NA
VNG-90001,min,0.0046,0,NA
VNG-90002,min,0.0046,0,NA
VNG-90005,min,0.006,0,NA
VNG-90007,min,0.005,0,NA
VNG-90008,min,0.0037,0,NA
VNG-90009,min,0.009,0,NA
VNG-90010,min,0.011,0,NA
VNG-90014,min,0.011,0,NA
VNH-90001,min,0.02,0,NA
VNP-90001,min,0.02,0,NA
VNT-90001,min,0.031,0,NA
VPA-90001,min,0.02,0,NA
VPT-00001,min,0.075,0,NA
VPV-00001,min,0.074,0,NA
VPV-00002,min,0.03,0,NA
VRL-00004,min,0,0,NA
VRL-00006,min,0,0,NA
VRL-00007,min,0.08,0,NA
VRL-00008,min,0.05,0,NA
VRL-00009,min,0.08,0,NA
VRL-00010,charge,0.15,0,NA
VRL-00010,min,0.05,0,NA
VRL-90001,min,0.009,0,NA
VRL-90002,min,0.006,0,NA
VRL-90003,min,0.0046,0,NA
VRL-90005,min,0.0046,0,NA
VRS-00001,min,0,0,NA
VRS-00003,min,0.08,0,NA
VVD-00002,min,0.05,0,NA
VVD-00003,min,0.05,0,NA
VVD-00004,min,0.1,0,NA
VVR-90001,min,0.02,0,NA
VZL-00001,min,0.105,0,NA
VZL-00002,min,0.105,0,NA
VZL-90003,kWh,0.1,0,NA
